,Balance,Income,Loan,Default
0,4439.0,21074.0,5828.0,0.0
1,4184.0,6438.0,4364.0,0.0
2,3079.0,14347.0,4886.0,0.0
3,5263.0,7249.0,5514.0,0.0
4,5656.0,4340.0,4172.0,0.0
5,3867.0,12205.0,4787.0,0.0
6,3416.0,18884.0,5255.0,0.0
7,3146.0,8542.0,5897.0,0.0
8,819.0,5214.0,3532.0,0.0
9,3491.0,6030.0,5142.0,0.0
10,5546.0,3174.0,6163.0,1.0
11,5476.0,11401.0,5746.0,0.0
12,5202.0,14741.0,3959.0,0.0
13,4960.0,12879.0,3426.0,0.0
14,4827.0,2102.0,4919.0,1.0
15,5743.0,11512.0,5850.0,0.0
16,6371.0,17956.0,3191.0,0.0
17,1016.0,13249.0,6367.0,0.0
18,3815.0,7871.0,4334.0,0.0
19,2383.0,15512.0,5697.0,0.0
20,6941.0,11249.0,4345.0,0.0
21,3388.0,14172.0,5545.0,0.0
22,2378.0,17066.0,4607.0,0.0
23,3764.0,13718.0,4377.0,0.0
24,-774.0,22760.0,4025.0,1.0
25,2348.0,11019.0,4700.0,0.0
26,4020.0,14026.0,4565.0,0.0
27,4280.0,6312.0,5130.0,0.0
28,4376.0,4851.0,4871.0,1.0
29,6918.0,798.0,4836.0,1.0
30,4048.0,7585.0,4429.0,0.0
31,6399.0,8095.0,3152.0,0.0
32,6823.0,7717.0,4234.0,0.0
33,3987.0,19187.0,3849.0,0.0
34,6655.0,18028.0,4964.0,0.0
35,3219.0,11034.0,4839.0,0.0
36,5744.0,14770.0,4391.0,0.0
37,3429.0,4059.0,4398.0,1.0
38,3686.0,2415.0,5715.0,1.0
39,4482.0,3062.0,5403.0,1.0
40,-1063.0,10546.0,5830.0,1.0
41,3047.0,-100.0,4077.0,1.0
42,9114.0,4857.0,5447.0,1.0
43,2843.0,10557.0,4983.0,0.0
44,374.0,13586.0,6041.0,0.0
45,2329.0,14151.0,4520.0,0.0
46,2346.0,1105.0,5799.0,1.0
47,3770.0,1428.0,4352.0,1.0
48,1986.0,7293.0,4141.0,0.0
49,7315.0,4046.0,3685.0,0.0
50,-508.0,5903.0,5736.0,1.0
51,5823.0,3762.0,2366.0,0.0
52,3938.0,8600.0,5457.0,0.0
53,4483.0,16908.0,4181.0,0.0
54,1893.0,10125.0,4378.0,0.0
55,5387.0,7103.0,5079.0,0.0
56,4218.0,21286.0,5586.0,0.0
57,3591.0,18357.0,5875.0,0.0
58,4498.0,20019.0,5255.0,0.0
59,4439.0,17155.0,3911.0,0.0
60,2163.0,10015.0,4149.0,0.0
61,4727.0,3118.0,7763.0,1.0
62,6925.0,11588.0,4247.0,0.0
63,3307.0,9169.0,3459.0,0.0
64,3821.0,8280.0,5667.0,0.0
65,2510.0,15981.0,4236.0,0.0
66,3815.0,19921.0,5064.0,0.0
67,3468.0,12960.0,5194.0,0.0
68,4559.0,10517.0,3587.0,0.0
69,2068.0,12217.0,3724.0,0.0
70,4386.0,15425.0,4972.0,0.0
71,3172.0,14273.0,4267.0,0.0
72,6213.0,22562.0,4389.0,0.0
73,2166.0,8305.0,5349.0,0.0
74,6295.0,11154.0,6050.0,0.0
75,4295.0,133.0,4298.0,1.0
76,5295.0,11453.0,5971.0,0.0
77,3899.0,7601.0,2221.0,0.0
78,559.0,18197.0,4780.0,0.0
79,3527.0,6804.0,4806.0,0.0
80,1938.0,3657.0,4876.0,1.0
81,5947.0,8704.0,4948.0,0.0
82,3867.0,6624.0,6530.0,0.0
83,6249.0,11560.0,4792.0,0.0
84,5055.0,19910.0,3912.0,0.0
85,3071.0,5452.0,5050.0,0.0
86,2663.0,6502.0,4389.0,0.0
87,517.0,2552.0,6397.0,1.0
88,5958.0,10261.0,4171.0,0.0
89,4986.0,7507.0,5693.0,0.0
90,2736.0,4310.0,4418.0,1.0
91,6611.0,10378.0,4045.0,0.0
92,3208.0,9995.0,4741.0,0.0
93,3189.0,-3820.0,5280.0,1.0
94,2100.0,16320.0,5902.0,0.0
95,4052.0,11888.0,4877.0,0.0
96,5159.0,13538.0,4490.0,0.0
97,3550.0,5406.0,5695.0,1.0
98,-8.0,8180.0,3720.0,1.0
99,517.0,5371.0,4145.0,0.0
100,4404.0,4104.0,5220.0,1.0
101,5209.0,7143.0,4012.0,0.0
102,4455.0,9943.0,2791.0,0.0
103,6362.0,-2481.0,4119.0,1.0
104,4436.0,2866.0,4027.0,1.0
105,5556.0,-3931.0,4074.0,1.0
106,-1643.0,19503.0,5580.0,1.0
107,1937.0,3730.0,8197.0,1.0
108,2591.0,6049.0,5265.0,0.0
109,3360.0,3745.0,4640.0,1.0
110,3815.0,5851.0,5081.0,0.0
111,2428.0,14064.0,4214.0,0.0
112,7887.0,9477.0,6244.0,0.0
113,6348.0,8131.0,3933.0,0.0
114,1284.0,-3992.0,5265.0,1.0
115,6405.0,5489.0,6107.0,1.0
116,5094.0,13245.0,5643.0,0.0
117,3217.0,13008.0,4933.0,0.0
118,5564.0,1854.0,4022.0,1.0
119,2368.0,43.0,4832.0,1.0
120,6397.0,12121.0,5111.0,0.0
121,5322.0,13180.0,4162.0,0.0
122,3760.0,21854.0,5348.0,0.0
123,4546.0,7029.0,4631.0,0.0
124,5454.0,7454.0,6234.0,0.0
125,1208.0,13681.0,3214.0,0.0
126,3478.0,3287.0,4712.0,1.0
127,2389.0,6733.0,5442.0,0.0
128,5992.0,19681.0,5141.0,0.0
129,3818.0,4853.0,4252.0,0.0
130,2116.0,8429.0,4372.0,0.0
131,5773.0,5164.0,2917.0,0.0
132,57.0,10028.0,5298.0,0.0
133,1122.0,23660.0,4846.0,0.0
134,9976.0,2317.0,5552.0,1.0
135,5753.0,11089.0,5505.0,0.0
136,3614.0,12952.0,4074.0,0.0
137,3363.0,5488.0,5348.0,0.0
138,4001.0,4834.0,3767.0,0.0
139,3808.0,17648.0,6560.0,0.0
140,3860.0,9395.0,4742.0,0.0
141,7628.0,11802.0,4503.0,0.0
142,1760.0,14964.0,3723.0,0.0
143,4555.0,7871.0,5026.0,0.0
144,1294.0,5822.0,4756.0,0.0
145,2266.0,6523.0,4231.0,0.0
146,2886.0,17889.0,5586.0,0.0
147,3756.0,17896.0,3443.0,0.0
148,167.0,10923.0,5224.0,0.0
149,5557.0,13308.0,4912.0,0.0
150,4388.0,14663.0,5426.0,0.0
151,1397.0,10490.0,3430.0,0.0
152,4707.0,8424.0,3256.0,0.0
153,1165.0,8709.0,3442.0,0.0
154,4766.0,5841.0,4952.0,0.0
155,3335.0,21425.0,5308.0,0.0
156,4657.0,11630.0,4471.0,0.0
157,725.0,4149.0,6294.0,1.0
158,5010.0,3965.0,6235.0,1.0
159,2364.0,6162.0,3905.0,0.0
160,3865.0,18693.0,5776.0,0.0
161,1392.0,16569.0,6483.0,0.0
162,4715.0,10473.0,4955.0,0.0
163,1015.0,9165.0,5767.0,0.0
164,6643.0,10544.0,3936.0,0.0
165,4046.0,12358.0,4903.0,0.0
166,3170.0,7971.0,3324.0,0.0
167,3138.0,4862.0,6009.0,1.0
168,1015.0,23610.0,5632.0,0.0
169,5479.0,24064.0,4812.0,0.0
170,6813.0,15067.0,6304.0,0.0
171,6508.0,9463.0,3402.0,0.0
172,4549.0,16005.0,7445.0,0.0
173,1499.0,7359.0,4187.0,0.0
174,5171.0,12890.0,5118.0,0.0
175,2452.0,6600.0,5337.0,0.0
176,6223.0,9435.0,5338.0,0.0
177,5211.0,4726.0,3589.0,0.0
178,7473.0,5990.0,5952.0,0.0
179,4540.0,-258.0,4539.0,1.0
180,3592.0,11920.0,3370.0,0.0
181,3451.0,11430.0,5901.0,0.0
182,3661.0,13527.0,7275.0,0.0
183,5482.0,8218.0,4554.0,0.0
184,3952.0,2764.0,5586.0,1.0
185,4834.0,21329.0,5286.0,0.0
186,3973.0,13844.0,4842.0,0.0
187,4048.0,23302.0,5057.0,0.0
188,1056.0,11964.0,5876.0,0.0
189,3893.0,14740.0,5661.0,0.0
190,5785.0,3545.0,5823.0,1.0
191,6645.0,9019.0,5032.0,0.0
192,947.0,13718.0,5064.0,0.0
193,4105.0,13134.0,6668.0,0.0
194,2098.0,8848.0,3762.0,0.0
195,3296.0,5975.0,4141.0,0.0
196,5821.0,7408.0,5634.0,0.0
197,3983.0,9506.0,4559.0,0.0
198,5584.0,7931.0,4054.0,0.0
199,4145.0,13228.0,6005.0,0.0
200,3797.0,16293.0,6296.0,0.0
201,5348.0,7309.0,6778.0,0.0
202,2721.0,7818.0,4099.0,0.0
203,4691.0,6030.0,6398.0,1.0
204,5892.0,11179.0,4190.0,0.0
205,1983.0,24814.0,4222.0,0.0
206,1664.0,10047.0,3734.0,0.0
207,4327.0,10112.0,5071.0,0.0
208,2749.0,7954.0,4462.0,0.0
209,2378.0,7035.0,6205.0,0.0
210,6720.0,15092.0,4380.0,0.0
211,5267.0,18957.0,4331.0,0.0
212,5720.0,8628.0,3920.0,0.0
213,4631.0,12830.0,5284.0,0.0
214,5477.0,10353.0,5838.0,0.0
215,2807.0,13264.0,5233.0,0.0
216,2488.0,12830.0,6381.0,0.0
217,2716.0,1508.0,4658.0,1.0
218,3718.0,7782.0,3142.0,0.0
219,7109.0,-670.0,6685.0,1.0
220,5425.0,12224.0,5355.0,0.0
221,5013.0,934.0,3198.0,1.0
222,2625.0,12328.0,5960.0,0.0
223,3371.0,11659.0,4311.0,0.0
224,5099.0,10589.0,4617.0,0.0
225,2553.0,-193.0,4681.0,1.0
226,4270.0,11084.0,6482.0,0.0
227,1018.0,5469.0,4827.0,0.0
228,2025.0,5210.0,3036.0,0.0
229,939.0,3607.0,5057.0,1.0
230,2983.0,9040.0,5748.0,0.0
231,4841.0,12265.0,3919.0,0.0
232,2199.0,2515.0,5389.0,1.0
233,2401.0,7803.0,3599.0,0.0
234,6199.0,3328.0,4985.0,1.0
235,4538.0,2776.0,4823.0,1.0
236,4440.0,10132.0,4239.0,0.0
237,2191.0,8919.0,5484.0,0.0
238,2443.0,11733.0,4717.0,0.0
239,6007.0,8131.0,3370.0,0.0
240,1465.0,15352.0,5734.0,0.0
241,7346.0,12796.0,4941.0,0.0
242,9153.0,2552.0,4636.0,1.0
243,5850.0,12536.0,4892.0,0.0
244,5963.0,2828.0,4715.0,1.0
245,1946.0,20081.0,4553.0,0.0
246,4105.0,7940.0,4086.0,0.0
247,3107.0,20976.0,4712.0,0.0
248,5639.0,10465.0,4704.0,0.0
249,5078.0,7707.0,5704.0,0.0
250,4915.0,13155.0,5530.0,0.0
251,826.0,8439.0,4231.0,0.0
252,5667.0,13724.0,5028.0,0.0
253,1709.0,20635.0,6067.0,0.0
254,2516.0,5488.0,3647.0,0.0
255,-1090.0,2090.0,6385.0,1.0
256,6252.0,17795.0,3308.0,0.0
257,4321.0,8661.0,4955.0,0.0
258,5301.0,12962.0,5113.0,0.0
259,3642.0,4220.0,6579.0,1.0
260,2516.0,16817.0,5846.0,0.0
261,657.0,8674.0,4985.0,0.0
262,4025.0,7907.0,5563.0,0.0
263,9032.0,14513.0,6164.0,0.0
264,5798.0,7248.0,4387.0,0.0
265,1966.0,9917.0,4055.0,0.0
266,5525.0,-4109.0,5445.0,1.0
267,5342.0,13005.0,5392.0,0.0
268,2917.0,9886.0,4971.0,0.0
269,2217.0,8353.0,5462.0,0.0
270,5914.0,16648.0,5631.0,0.0
271,3579.0,7787.0,5115.0,0.0
272,4824.0,5112.0,3941.0,0.0
273,4428.0,11569.0,5583.0,0.0
274,5647.0,2689.0,5597.0,1.0
275,3975.0,14897.0,5652.0,0.0
276,4237.0,15064.0,5196.0,0.0
277,5949.0,-6261.0,3964.0,1.0
278,5783.0,15813.0,7465.0,0.0
279,310.0,12213.0,5547.0,0.0
280,5745.0,17322.0,5372.0,0.0
281,4676.0,6729.0,6108.0,0.0
282,3686.0,6403.0,3233.0,0.0
283,4407.0,4744.0,3757.0,0.0
284,4105.0,3181.0,6008.0,1.0
285,970.0,10327.0,5473.0,0.0
286,1692.0,7466.0,4246.0,0.0
287,3404.0,-2187.0,5556.0,1.0
288,1766.0,11531.0,5405.0,0.0
289,7984.0,11727.0,6535.0,0.0
290,5387.0,9416.0,5301.0,0.0
291,6426.0,11686.0,3943.0,0.0
292,3769.0,6963.0,5856.0,0.0
293,4323.0,11564.0,5297.0,0.0
294,1825.0,11665.0,6717.0,0.0
295,6380.0,23792.0,5415.0,0.0
296,-373.0,10012.0,5605.0,1.0
297,4208.0,14090.0,6044.0,0.0
298,6376.0,11436.0,6770.0,0.0
299,4003.0,-74.0,7354.0,1.0
300,4119.0,1577.0,4369.0,1.0
301,2731.0,20531.0,3921.0,0.0
302,1277.0,10333.0,5118.0,0.0
303,7735.0,7776.0,4983.0,0.0
304,6391.0,15379.0,5909.0,0.0
305,3579.0,4331.0,6736.0,1.0
306,3420.0,11119.0,6190.0,0.0
307,6890.0,7173.0,5294.0,0.0
308,3580.0,19825.0,4529.0,0.0
309,8966.0,9798.0,5966.0,0.0
310,1029.0,8639.0,3685.0,0.0
311,3421.0,11499.0,5418.0,0.0
312,6026.0,11869.0,4621.0,0.0
313,1855.0,1876.0,5196.0,1.0
314,1065.0,12598.0,6821.0,0.0
315,1168.0,3208.0,5743.0,1.0
316,27.0,14826.0,7701.0,0.0
317,1758.0,112.0,5166.0,1.0
318,3996.0,16198.0,3082.0,0.0
319,2643.0,11543.0,5117.0,0.0
320,4816.0,12186.0,4048.0,0.0
321,1456.0,12547.0,6830.0,0.0
322,1672.0,16007.0,3570.0,0.0
323,5995.0,17202.0,4020.0,0.0
324,5596.0,-2895.0,3720.0,1.0
325,2027.0,1516.0,2596.0,1.0
326,711.0,4248.0,4067.0,0.0
327,3150.0,8508.0,6785.0,0.0
328,8138.0,8357.0,4044.0,0.0
329,-1047.0,10209.0,4386.0,1.0
330,754.0,7455.0,6788.0,0.0
331,4099.0,18494.0,5710.0,0.0
332,8912.0,11254.0,3120.0,0.0
333,3870.0,6360.0,5788.0,0.0
334,5431.0,2557.0,5714.0,1.0
335,4882.0,3051.0,4018.0,1.0
336,1169.0,-2245.0,5316.0,1.0
337,837.0,8734.0,4631.0,0.0
338,4162.0,7989.0,3297.0,0.0
339,6391.0,14331.0,4210.0,0.0
340,4947.0,10812.0,4937.0,0.0
341,7911.0,12780.0,5358.0,0.0
342,1497.0,13039.0,3151.0,0.0
343,2968.0,13646.0,5258.0,0.0
344,4918.0,14097.0,6121.0,0.0
345,1417.0,18659.0,3704.0,0.0
346,7617.0,17042.0,4280.0,0.0
347,5214.0,2136.0,5689.0,1.0
348,1769.0,8775.0,5354.0,0.0
349,5900.0,14904.0,3651.0,0.0
350,1262.0,14144.0,5193.0,0.0
351,3568.0,12035.0,5402.0,0.0
352,5728.0,18693.0,3316.0,0.0
353,2584.0,5785.0,6312.0,1.0
354,588.0,11526.0,4548.0,0.0
355,1364.0,16788.0,4507.0,0.0
356,5231.0,10976.0,4943.0,0.0
357,1482.0,15839.0,5166.0,0.0
358,5583.0,14909.0,4679.0,0.0
359,4991.0,12988.0,6164.0,0.0
360,2240.0,2429.0,5619.0,1.0
361,3444.0,19920.0,5124.0,0.0
362,5041.0,2734.0,5474.0,1.0
363,6654.0,13558.0,6036.0,0.0
364,6061.0,8032.0,3580.0,0.0
365,2938.0,15087.0,5304.0,0.0
366,6014.0,6745.0,5756.0,0.0
367,1628.0,6129.0,6216.0,1.0
368,6440.0,9817.0,5879.0,0.0
369,5404.0,10105.0,5510.0,0.0
370,2967.0,6373.0,5023.0,0.0
371,1767.0,15653.0,6134.0,0.0
372,4578.0,9467.0,3104.0,0.0
373,689.0,7651.0,5036.0,0.0
374,4239.0,11128.0,4552.0,0.0
375,4692.0,26722.0,5900.0,0.0
376,3528.0,20219.0,5197.0,0.0
377,984.0,12877.0,3838.0,0.0
378,1061.0,11598.0,4425.0,0.0
379,3966.0,17054.0,5664.0,0.0
380,1316.0,10324.0,4861.0,0.0
381,-1496.0,10336.0,5269.0,1.0
382,2133.0,11700.0,5457.0,0.0
383,4714.0,18755.0,4559.0,0.0
384,4836.0,14876.0,5735.0,0.0
385,1579.0,7008.0,4423.0,0.0
386,1818.0,7003.0,4554.0,0.0
387,4337.0,17524.0,4338.0,0.0
388,2201.0,7277.0,4478.0,0.0
389,6590.0,10705.0,6202.0,0.0
390,7782.0,9957.0,4563.0,0.0
391,1145.0,15967.0,5469.0,0.0
392,5797.0,11509.0,5864.0,0.0
393,3043.0,13422.0,4821.0,0.0
394,3605.0,9280.0,5407.0,0.0
395,3793.0,10539.0,3330.0,0.0
396,4555.0,16487.0,3898.0,0.0
397,2896.0,11538.0,4239.0,0.0
398,1228.0,12600.0,5174.0,0.0
399,1499.0,21060.0,4606.0,0.0
400,2657.0,20962.0,5278.0,0.0
401,3017.0,-5428.0,4101.0,1.0
402,5153.0,13355.0,5725.0,0.0
403,3927.0,4993.0,4988.0,0.0
404,5377.0,23019.0,7603.0,0.0
405,3681.0,8431.0,4849.0,0.0
406,3042.0,3870.0,4570.0,1.0
407,3012.0,12941.0,4555.0,0.0
408,5068.0,11206.0,5167.0,0.0
409,7209.0,13851.0,5594.0,0.0
410,3306.0,7809.0,5683.0,0.0
411,-135.0,1822.0,5337.0,1.0
412,2974.0,14382.0,5813.0,0.0
413,2195.0,-4403.0,5538.0,1.0
414,7078.0,19871.0,5404.0,0.0
415,5887.0,12076.0,4660.0,0.0
416,4986.0,16087.0,5790.0,0.0
417,2751.0,9634.0,4509.0,0.0
418,5547.0,19269.0,4940.0,0.0
419,4405.0,19888.0,5432.0,0.0
420,512.0,14168.0,5167.0,0.0
421,5928.0,17392.0,4396.0,0.0
422,-141.0,11893.0,4452.0,1.0
423,2970.0,6223.0,7003.0,1.0
424,4561.0,9605.0,3152.0,0.0
425,4422.0,-183.0,4128.0,1.0
426,5711.0,6970.0,5352.0,0.0
427,4051.0,16392.0,6125.0,0.0
428,5166.0,9735.0,3536.0,0.0
429,3909.0,11459.0,5658.0,0.0
430,4239.0,15686.0,5540.0,0.0
431,4579.0,3466.0,4716.0,1.0
432,4034.0,20042.0,4704.0,0.0
433,2417.0,1735.0,5889.0,1.0
434,1656.0,10585.0,5075.0,0.0
435,7460.0,14663.0,6637.0,0.0
436,2790.0,1057.0,5666.0,1.0
437,4854.0,9458.0,5260.0,0.0
438,3164.0,-1514.0,4989.0,1.0
439,1720.0,1707.0,4421.0,1.0
440,3721.0,14095.0,4538.0,0.0
441,1879.0,6989.0,5124.0,0.0
442,6892.0,-413.0,4090.0,1.0
443,3042.0,3491.0,5135.0,1.0
444,3379.0,8390.0,5868.0,0.0
445,3710.0,10746.0,2872.0,0.0
446,7025.0,-1271.0,5744.0,1.0
447,3847.0,2119.0,3958.0,1.0
448,6794.0,16423.0,4526.0,0.0
449,6960.0,6993.0,5041.0,0.0
450,1378.0,9778.0,3428.0,0.0
451,2217.0,8986.0,3915.0,0.0
452,5099.0,15593.0,5509.0,0.0
453,2247.0,11436.0,4984.0,0.0
454,1393.0,2493.0,4334.0,1.0
455,3800.0,7259.0,6384.0,0.0
456,3804.0,7388.0,5625.0,0.0
457,5468.0,11074.0,6141.0,0.0
458,7176.0,6047.0,5768.0,0.0
459,5867.0,16486.0,5438.0,0.0
460,3402.0,3450.0,6171.0,1.0
461,5296.0,11176.0,5368.0,0.0
462,5074.0,20693.0,5901.0,0.0
463,6762.0,5141.0,5744.0,1.0
464,1522.0,10324.0,6516.0,0.0
465,5140.0,6031.0,2472.0,0.0
466,7062.0,14939.0,2833.0,0.0
467,1963.0,1954.0,4635.0,1.0
468,3859.0,4555.0,6233.0,1.0
469,4114.0,16813.0,6428.0,0.0
470,3584.0,10972.0,5455.0,0.0
471,5810.0,12077.0,5360.0,0.0
472,2523.0,19997.0,5703.0,0.0
473,4111.0,8148.0,4816.0,0.0
474,5206.0,12617.0,4437.0,0.0
475,3275.0,10241.0,4014.0,0.0
476,2374.0,10742.0,5285.0,0.0
477,6354.0,19422.0,7531.0,0.0
478,5728.0,20602.0,6093.0,0.0
479,1214.0,12651.0,3609.0,0.0
480,2377.0,-2120.0,4143.0,1.0
481,3562.0,15713.0,7691.0,0.0
482,3888.0,10344.0,6358.0,0.0
483,347.0,8097.0,4488.0,0.0
484,6914.0,10288.0,3978.0,0.0
485,2181.0,7266.0,4711.0,0.0
486,41.0,8777.0,4779.0,0.0
487,5695.0,3758.0,5590.0,1.0
488,1297.0,-0.0,4830.0,1.0
489,3039.0,-334.0,4785.0,1.0
490,4041.0,17427.0,3940.0,0.0
491,4650.0,16028.0,4253.0,0.0
492,-61.0,12076.0,3793.0,1.0
493,2792.0,-4536.0,5961.0,1.0
494,8464.0,19788.0,6101.0,0.0
495,4633.0,8947.0,4927.0,0.0
496,3726.0,16000.0,6090.0,0.0
497,4101.0,11827.0,3942.0,0.0
498,2391.0,13649.0,4048.0,0.0
499,7558.0,8246.0,4691.0,0.0
500,1185.0,11255.0,5847.0,0.0
501,3375.0,16194.0,5734.0,0.0
502,-473.0,-3570.0,4122.0,1.0
503,1129.0,14094.0,3530.0,0.0
504,2035.0,10145.0,4488.0,0.0
505,5133.0,12041.0,4905.0,0.0
506,542.0,529.0,6311.0,1.0
507,4958.0,12474.0,5159.0,0.0
508,2897.0,2850.0,4763.0,1.0
509,-1506.0,11487.0,3462.0,1.0
510,4652.0,7595.0,3593.0,0.0
511,5450.0,12638.0,5306.0,0.0
512,4042.0,12403.0,4145.0,0.0
513,6011.0,20346.0,5565.0,0.0
514,1015.0,14401.0,4344.0,0.0
515,3393.0,16083.0,3598.0,0.0
516,-555.0,6896.0,4671.0,1.0
517,5220.0,17682.0,3923.0,0.0
518,3077.0,4500.0,5330.0,1.0
519,7404.0,19965.0,4977.0,0.0
520,1010.0,5308.0,3594.0,0.0
521,-101.0,18431.0,4192.0,1.0
522,2769.0,25365.0,5572.0,0.0
523,6398.0,12590.0,5146.0,0.0
524,3003.0,13579.0,3637.0,0.0
525,3604.0,1922.0,7782.0,1.0
526,2055.0,12000.0,4906.0,0.0
527,6983.0,17530.0,6729.0,0.0
528,2759.0,6592.0,7140.0,1.0
529,-1082.0,18601.0,3311.0,1.0
530,6076.0,8806.0,4535.0,0.0
531,7933.0,16279.0,5018.0,0.0
532,5324.0,14776.0,3701.0,0.0
533,5507.0,24797.0,4919.0,0.0
534,2087.0,7492.0,3367.0,0.0
535,4819.0,9796.0,4421.0,0.0
536,3222.0,4190.0,5737.0,1.0
537,4987.0,13710.0,3715.0,0.0
538,3862.0,9674.0,4128.0,0.0
539,263.0,2842.0,5706.0,1.0
540,1692.0,10443.0,5044.0,0.0
541,4634.0,6744.0,6264.0,0.0
542,4173.0,3818.0,5689.0,1.0
543,1683.0,7272.0,7869.0,1.0
544,4392.0,8396.0,5670.0,0.0
545,1128.0,13224.0,3936.0,0.0
546,2062.0,5652.0,4639.0,0.0
547,4856.0,10987.0,5513.0,0.0
548,7941.0,7818.0,4497.0,0.0
549,3741.0,13304.0,5665.0,0.0
550,8198.0,1622.0,4746.0,1.0
551,4713.0,4267.0,4684.0,1.0
552,4040.0,23194.0,3958.0,0.0
553,2347.0,7440.0,5757.0,0.0
554,1765.0,9991.0,5843.0,0.0
555,3132.0,1109.0,4008.0,1.0
556,714.0,14127.0,5717.0,0.0
557,980.0,14845.0,4601.0,0.0
558,2697.0,8428.0,5312.0,0.0
559,4372.0,5135.0,6303.0,1.0
560,3666.0,15155.0,6107.0,0.0
561,3426.0,10427.0,4910.0,0.0
562,2761.0,10960.0,6086.0,0.0
563,6651.0,11231.0,5753.0,0.0
564,4606.0,15146.0,5477.0,0.0
565,6143.0,5863.0,3964.0,0.0
566,3375.0,425.0,4771.0,1.0
567,2395.0,16848.0,7452.0,0.0
568,3648.0,12173.0,5136.0,0.0
569,5745.0,19929.0,5707.0,0.0
570,4291.0,8645.0,2892.0,0.0
571,1072.0,6976.0,5196.0,0.0
572,1975.0,5448.0,6356.0,1.0
573,5630.0,9015.0,4244.0,0.0
574,6862.0,17615.0,4183.0,0.0
575,2541.0,5670.0,5534.0,0.0
576,3201.0,-3987.0,3973.0,1.0
577,7052.0,21385.0,5312.0,0.0
578,1722.0,6644.0,5528.0,0.0
579,1119.0,14684.0,5669.0,0.0
580,6126.0,5440.0,2893.0,0.0
581,3513.0,11116.0,5217.0,0.0
582,3663.0,12542.0,5557.0,0.0
583,-1558.0,6165.0,3877.0,1.0
584,9136.0,12588.0,6209.0,0.0
585,4286.0,7524.0,5213.0,0.0
586,3773.0,8602.0,3846.0,0.0
587,1117.0,14183.0,3831.0,0.0
588,6688.0,13554.0,5007.0,0.0
589,2508.0,7133.0,4439.0,0.0
590,2241.0,8786.0,4363.0,0.0
591,4491.0,3243.0,3694.0,1.0
592,2588.0,7142.0,5675.0,0.0
593,6022.0,6626.0,4276.0,0.0
594,6486.0,11727.0,5542.0,0.0
595,1581.0,18229.0,5321.0,0.0
596,3062.0,5571.0,5402.0,0.0
597,7045.0,4456.0,6407.0,1.0
598,5415.0,-422.0,5880.0,1.0
599,1872.0,10383.0,3794.0,0.0
600,5097.0,3553.0,6566.0,1.0
601,7510.0,7274.0,5688.0,0.0
602,2948.0,7650.0,5430.0,0.0
603,3424.0,2990.0,5204.0,1.0
604,4234.0,10225.0,5728.0,0.0
605,2533.0,-489.0,3694.0,1.0
606,3609.0,-1096.0,6727.0,1.0
607,4709.0,14175.0,4686.0,0.0
608,3266.0,8056.0,5270.0,0.0
609,3905.0,11764.0,5787.0,0.0
610,1440.0,-696.0,5100.0,1.0
611,5214.0,10075.0,4019.0,0.0
612,5110.0,10753.0,4689.0,0.0
613,1781.0,12901.0,5923.0,0.0
614,6833.0,10976.0,5158.0,0.0
615,6095.0,17929.0,5536.0,0.0
616,-423.0,10482.0,4740.0,1.0
617,6085.0,10379.0,5776.0,0.0
618,4331.0,-133.0,4943.0,1.0
619,5293.0,17292.0,4463.0,0.0
620,3654.0,11176.0,4644.0,0.0
621,5232.0,4461.0,4540.0,1.0
622,3036.0,-1503.0,5726.0,1.0
623,4996.0,14220.0,4448.0,0.0
624,4444.0,17232.0,5223.0,0.0
625,1638.0,9375.0,4280.0,0.0
626,4086.0,9890.0,4124.0,0.0
627,3606.0,14217.0,6662.0,0.0
628,2695.0,14793.0,4996.0,0.0
629,6940.0,3615.0,5354.0,1.0
630,3365.0,5379.0,5095.0,0.0
631,4868.0,9775.0,5967.0,0.0
632,5956.0,4529.0,4608.0,1.0
633,3258.0,12621.0,5581.0,0.0
634,6672.0,14051.0,4530.0,0.0
635,5136.0,17771.0,4814.0,0.0
636,2470.0,4532.0,4487.0,0.0
637,5670.0,-4313.0,6450.0,1.0
638,2953.0,9631.0,5504.0,0.0
639,3423.0,5729.0,4372.0,0.0
640,3462.0,1353.0,6887.0,1.0
641,4648.0,11202.0,4309.0,0.0
642,8022.0,15960.0,5756.0,0.0
643,739.0,15586.0,6556.0,0.0
644,5705.0,5159.0,6852.0,1.0
645,2896.0,10135.0,4412.0,0.0
646,3081.0,2900.0,4562.0,1.0
647,6090.0,6976.0,4201.0,0.0
648,4006.0,-735.0,4904.0,1.0
649,-430.0,16879.0,3749.0,1.0
650,5816.0,10868.0,3985.0,0.0
651,6812.0,9236.0,4319.0,0.0
652,4553.0,5586.0,5561.0,0.0
653,4461.0,6783.0,4432.0,0.0
654,3596.0,12429.0,4755.0,0.0
655,6660.0,15720.0,4595.0,0.0
656,2312.0,5170.0,5085.0,0.0
657,5225.0,6646.0,6256.0,0.0
658,2882.0,6023.0,6071.0,1.0
659,6246.0,25507.0,3798.0,0.0
660,7259.0,3971.0,6316.0,1.0
661,9738.0,2279.0,4375.0,1.0
662,2139.0,15408.0,5619.0,0.0
663,2687.0,6350.0,5664.0,0.0
664,3224.0,3398.0,3737.0,1.0
665,4140.0,18784.0,5958.0,0.0
666,8209.0,21197.0,5738.0,0.0
667,3710.0,8366.0,4699.0,0.0
668,7614.0,9207.0,6320.0,0.0
669,3086.0,3837.0,4429.0,1.0
670,5407.0,6641.0,4780.0,0.0
671,5286.0,14769.0,6976.0,0.0
672,1102.0,13535.0,5886.0,0.0
673,6534.0,11771.0,6720.0,0.0
674,3452.0,9531.0,4761.0,0.0
675,5953.0,-4901.0,4875.0,1.0
676,1982.0,13342.0,4159.0,0.0
677,3532.0,18917.0,4076.0,0.0
678,4648.0,13365.0,3750.0,0.0
679,5568.0,-1136.0,5821.0,1.0
680,6262.0,8242.0,5244.0,0.0
681,9057.0,15080.0,3550.0,0.0
682,5908.0,11498.0,3226.0,0.0
683,-1019.0,14706.0,4643.0,1.0
684,5769.0,9935.0,5726.0,0.0
685,2726.0,13901.0,4904.0,0.0
686,9045.0,10610.0,5296.0,0.0
687,6441.0,7274.0,6206.0,0.0
688,2865.0,10015.0,6473.0,0.0
689,2117.0,-92.0,5070.0,1.0
690,1466.0,18522.0,6296.0,0.0
691,6325.0,15933.0,4714.0,0.0
692,5563.0,14105.0,6479.0,0.0
693,3132.0,6415.0,1911.0,0.0
694,6813.0,10051.0,2981.0,0.0
695,2767.0,12274.0,4473.0,0.0
696,737.0,12924.0,5890.0,0.0
697,4789.0,10481.0,5995.0,0.0
698,3657.0,6013.0,3722.0,0.0
699,4595.0,13275.0,6589.0,0.0
700,6592.0,3275.0,5885.0,1.0
701,3398.0,11821.0,3450.0,0.0
702,2807.0,6622.0,5579.0,0.0
703,5502.0,15113.0,3228.0,0.0
704,5863.0,11272.0,6069.0,0.0
705,3732.0,18798.0,5633.0,0.0
706,3872.0,16261.0,5026.0,0.0
707,4801.0,15970.0,4560.0,0.0
708,4865.0,968.0,5646.0,1.0
709,5225.0,890.0,4344.0,1.0
710,4584.0,6321.0,6048.0,0.0
711,3517.0,15646.0,6745.0,0.0
712,3145.0,19216.0,4249.0,0.0
713,5818.0,7709.0,4764.0,0.0
714,5484.0,8492.0,4220.0,0.0
715,4853.0,11078.0,3981.0,0.0
716,3824.0,11513.0,4259.0,0.0
717,2262.0,7819.0,4352.0,0.0
718,5672.0,-6530.0,4850.0,1.0
719,4259.0,11546.0,5663.0,0.0
720,6529.0,12871.0,5057.0,0.0
721,4365.0,13813.0,3602.0,0.0
722,4979.0,4488.0,4939.0,1.0
723,3787.0,18422.0,4959.0,0.0
724,5166.0,19636.0,5121.0,0.0
725,3449.0,22768.0,6156.0,0.0
726,3938.0,9554.0,4768.0,0.0
727,4569.0,6902.0,5683.0,0.0
728,5150.0,4768.0,5996.0,1.0
729,4927.0,14332.0,2746.0,0.0
730,2364.0,13038.0,3279.0,0.0
731,3151.0,21825.0,4652.0,0.0
732,6290.0,8975.0,5740.0,0.0
733,1804.0,5532.0,5507.0,0.0
734,7706.0,7824.0,4865.0,0.0
735,6194.0,-3502.0,3700.0,1.0
736,1354.0,11339.0,5720.0,0.0
737,3309.0,8298.0,5006.0,0.0
738,5705.0,16757.0,5390.0,0.0
739,6190.0,17669.0,5468.0,0.0
740,5660.0,2784.0,5657.0,1.0
741,3438.0,6885.0,4065.0,0.0
742,7313.0,7613.0,5230.0,0.0
743,5237.0,13346.0,4825.0,0.0
744,3075.0,7840.0,6085.0,0.0
745,6454.0,9045.0,5192.0,0.0
746,2281.0,8332.0,5680.0,0.0
747,2736.0,7085.0,5499.0,0.0
748,4895.0,8689.0,4271.0,0.0
749,3762.0,8624.0,4198.0,0.0
750,6238.0,10744.0,5115.0,0.0
751,5302.0,11484.0,2830.0,0.0
752,6112.0,10436.0,2644.0,0.0
753,5251.0,13483.0,6455.0,0.0
754,4032.0,4400.0,4578.0,1.0
755,3138.0,4318.0,5400.0,1.0
756,4380.0,8496.0,3591.0,0.0
757,2455.0,4914.0,3632.0,0.0
758,125.0,22503.0,5934.0,0.0
759,2431.0,16130.0,4408.0,0.0
760,4103.0,7445.0,5552.0,0.0
761,4720.0,1588.0,4401.0,1.0
762,5310.0,-3399.0,6676.0,1.0
763,1906.0,3709.0,4781.0,1.0
764,5815.0,-314.0,3530.0,1.0
765,5065.0,14362.0,3361.0,0.0
766,4751.0,8705.0,5428.0,0.0
767,1515.0,13410.0,5997.0,0.0
768,6259.0,1659.0,5700.0,1.0
769,1452.0,18695.0,6792.0,0.0
770,2226.0,8179.0,4883.0,0.0
771,6577.0,6301.0,5158.0,0.0
772,5105.0,4960.0,4109.0,0.0
773,1833.0,15357.0,4734.0,0.0
774,3433.0,10859.0,5727.0,0.0
775,4748.0,14493.0,5210.0,0.0
776,4499.0,15299.0,4677.0,0.0
777,2935.0,10393.0,4462.0,0.0
778,5644.0,2047.0,4591.0,1.0
779,2755.0,3682.0,4989.0,1.0
780,8752.0,10248.0,6367.0,0.0
781,5258.0,11300.0,4669.0,0.0
782,2909.0,7704.0,3690.0,0.0
783,3759.0,6377.0,4746.0,0.0
784,3551.0,13306.0,4644.0,0.0
785,6419.0,8834.0,4272.0,0.0
786,1036.0,10834.0,6033.0,0.0
787,-1184.0,5712.0,5723.0,1.0
788,4072.0,-2131.0,5426.0,1.0
789,1795.0,517.0,3316.0,1.0
790,5214.0,6550.0,5127.0,0.0
791,1450.0,8176.0,6027.0,0.0
792,2012.0,10460.0,4808.0,0.0
793,3778.0,8657.0,3920.0,0.0
794,5805.0,11375.0,6072.0,0.0
795,2243.0,16040.0,4524.0,0.0
796,4373.0,18961.0,5751.0,0.0
797,8828.0,13495.0,5269.0,0.0
798,3663.0,10626.0,6007.0,0.0
799,5316.0,14823.0,5429.0,0.0
800,1845.0,5331.0,6405.0,1.0
801,5693.0,2087.0,7839.0,1.0
802,5549.0,6725.0,3721.0,0.0
803,3389.0,2192.0,3706.0,1.0
804,4691.0,6507.0,6087.0,0.0
805,2269.0,11533.0,6375.0,0.0
806,3711.0,16654.0,3636.0,0.0
807,7115.0,-1044.0,5855.0,1.0
808,1769.0,18660.0,6134.0,0.0
809,1854.0,5644.0,5378.0,0.0
810,2114.0,14350.0,4297.0,0.0
811,7273.0,8214.0,4747.0,0.0
812,2818.0,11868.0,6073.0,0.0
813,4981.0,5232.0,4991.0,0.0
814,2141.0,1443.0,6515.0,1.0
815,4090.0,7409.0,4116.0,0.0
816,3664.0,14361.0,5082.0,0.0
817,4808.0,10875.0,5319.0,0.0
818,4377.0,8468.0,7756.0,0.0
819,7839.0,6834.0,4394.0,0.0
820,-98.0,10056.0,6843.0,1.0
821,8272.0,8736.0,3720.0,0.0
822,2903.0,11096.0,3629.0,0.0
823,3597.0,3670.0,5902.0,1.0
824,3387.0,4231.0,4726.0,1.0
825,5575.0,-3820.0,3596.0,1.0
826,3542.0,8433.0,5305.0,0.0
827,3273.0,8046.0,5736.0,0.0
828,6153.0,3745.0,4351.0,1.0
829,3904.0,10949.0,4565.0,0.0
830,2281.0,14158.0,5389.0,0.0
831,2464.0,8082.0,5415.0,0.0
832,6328.0,12596.0,5962.0,0.0
833,4219.0,12244.0,6263.0,0.0
834,9100.0,2713.0,3514.0,1.0
835,2852.0,5605.0,5162.0,0.0
836,5929.0,19117.0,3601.0,0.0
837,4242.0,11390.0,7676.0,0.0
838,4157.0,14434.0,4262.0,0.0
839,4268.0,14366.0,4540.0,0.0
840,4075.0,8548.0,5833.0,0.0
841,4054.0,1715.0,4813.0,1.0
842,3619.0,12065.0,5464.0,0.0
843,3523.0,4677.0,5289.0,1.0
844,4227.0,-2154.0,6179.0,1.0
845,3571.0,8724.0,5324.0,0.0
846,2123.0,2253.0,5314.0,1.0
847,6633.0,7092.0,6135.0,0.0
848,6152.0,9981.0,3932.0,0.0
849,7213.0,14752.0,3984.0,0.0
850,5866.0,3066.0,5451.0,1.0
851,5663.0,7147.0,4261.0,0.0
852,4836.0,4903.0,5480.0,1.0
853,-296.0,11833.0,5901.0,1.0
854,5586.0,3790.0,5565.0,1.0
855,3726.0,10155.0,5606.0,0.0
856,4681.0,2801.0,4659.0,1.0
857,4800.0,9635.0,5673.0,0.0
858,3103.0,-222.0,4604.0,1.0
859,1546.0,4853.0,6282.0,1.0
860,3305.0,6204.0,5236.0,0.0
861,195.0,22291.0,5712.0,0.0
862,1976.0,-4563.0,5819.0,1.0
863,3948.0,3890.0,4523.0,1.0
864,1729.0,6115.0,6298.0,1.0
865,5624.0,9320.0,4466.0,0.0
866,5543.0,15117.0,4163.0,0.0
867,5317.0,8117.0,6144.0,0.0
868,5441.0,5446.0,6783.0,1.0
869,5943.0,12030.0,5218.0,0.0
870,4465.0,8613.0,4224.0,0.0
871,6537.0,12508.0,4132.0,0.0
872,5388.0,11450.0,4792.0,0.0
873,3233.0,12806.0,4985.0,0.0
874,2597.0,5561.0,5883.0,1.0
875,5712.0,12180.0,4554.0,0.0
876,5678.0,21102.0,4889.0,0.0
877,2745.0,14792.0,7080.0,0.0
878,5718.0,15735.0,4132.0,0.0
879,3608.0,6772.0,4499.0,0.0
880,7916.0,7081.0,6923.0,0.0
881,3867.0,5433.0,4258.0,0.0
882,8493.0,-2531.0,6282.0,1.0
883,6610.0,2765.0,4609.0,1.0
884,1544.0,12216.0,3207.0,0.0
885,2383.0,6367.0,6859.0,1.0
886,3058.0,3843.0,6186.0,1.0
887,5457.0,6255.0,5087.0,0.0
888,4850.0,5089.0,4412.0,0.0
889,3432.0,14841.0,4500.0,0.0
890,4144.0,11485.0,5657.0,0.0
891,4008.0,-2229.0,5821.0,1.0
892,5880.0,6802.0,3942.0,0.0
893,3055.0,11087.0,5337.0,0.0
894,1914.0,17998.0,3812.0,0.0
895,4554.0,12217.0,4384.0,0.0
896,6011.0,-735.0,4477.0,1.0
897,3857.0,17227.0,5182.0,0.0
898,4246.0,13648.0,4530.0,0.0
899,2868.0,10906.0,5658.0,0.0
900,2176.0,1719.0,5241.0,1.0
901,7271.0,9891.0,4780.0,0.0
902,3065.0,9518.0,6736.0,0.0
903,3050.0,19479.0,5014.0,0.0
904,3369.0,16280.0,4684.0,0.0
905,2154.0,-359.0,5704.0,1.0
906,3482.0,-3933.0,4238.0,1.0
907,2309.0,16978.0,4659.0,0.0
908,5892.0,7398.0,6090.0,0.0
909,2652.0,3966.0,6225.0,1.0
910,4014.0,4900.0,5439.0,1.0
911,1577.0,9706.0,4106.0,0.0
912,1953.0,8955.0,4447.0,0.0
913,6427.0,-661.0,4288.0,1.0
914,4495.0,3019.0,3868.0,1.0
915,1709.0,9948.0,4713.0,0.0
916,2963.0,6389.0,4560.0,0.0
917,3036.0,11348.0,5801.0,0.0
918,4472.0,17638.0,6340.0,0.0
919,4371.0,19090.0,5726.0,0.0
920,1264.0,9183.0,5779.0,0.0
921,4625.0,15375.0,5474.0,0.0
922,6688.0,11038.0,4662.0,0.0
923,4771.0,16123.0,5533.0,0.0
924,7432.0,12288.0,5200.0,0.0
925,5471.0,10445.0,4394.0,0.0
926,-1802.0,16084.0,4672.0,1.0
927,3599.0,4839.0,3735.0,0.0
928,6547.0,8075.0,4830.0,0.0
929,5234.0,17327.0,3173.0,0.0
930,4056.0,17128.0,4697.0,0.0
931,3829.0,11298.0,4871.0,0.0
932,6480.0,11176.0,6174.0,0.0
933,5279.0,10000.0,6190.0,0.0
934,6089.0,8634.0,3861.0,0.0
935,2958.0,-1273.0,5131.0,1.0
936,5819.0,12291.0,4023.0,0.0
937,8142.0,9614.0,5545.0,0.0
938,4821.0,14257.0,6532.0,0.0
939,-253.0,9067.0,4235.0,1.0
940,2163.0,23251.0,7285.0,0.0
941,4884.0,14243.0,4754.0,0.0
942,3135.0,10183.0,4388.0,0.0
943,2602.0,10618.0,6448.0,0.0
944,4208.0,8314.0,5430.0,0.0
945,4815.0,6312.0,5715.0,0.0
946,1569.0,13288.0,6585.0,0.0
947,6789.0,16567.0,4056.0,0.0
948,1612.0,10157.0,6127.0,0.0
949,5982.0,13675.0,5326.0,0.0
950,3830.0,17278.0,3372.0,0.0
951,-852.0,13697.0,4855.0,1.0
952,2811.0,12908.0,4754.0,0.0
953,2466.0,18300.0,6471.0,0.0
954,7256.0,-4107.0,5019.0,1.0
955,3856.0,9826.0,3540.0,0.0
956,5468.0,13786.0,4784.0,0.0
957,4943.0,9616.0,5039.0,0.0
958,1321.0,17122.0,5574.0,0.0
959,5115.0,9180.0,3184.0,0.0
960,4641.0,10233.0,4949.0,0.0
961,4871.0,14566.0,6170.0,0.0
962,4369.0,16395.0,2944.0,0.0
963,4801.0,5784.0,5876.0,1.0
964,4953.0,9448.0,4434.0,0.0
965,5154.0,18884.0,5543.0,0.0
966,8400.0,13516.0,4283.0,0.0
967,4875.0,9691.0,4643.0,0.0
968,5348.0,23765.0,5970.0,0.0
969,-327.0,16079.0,5123.0,1.0
970,4348.0,14048.0,4811.0,0.0
971,4477.0,4562.0,5488.0,1.0
972,4355.0,7477.0,4512.0,0.0
973,4353.0,15404.0,3999.0,0.0
974,5764.0,15190.0,5473.0,0.0
975,6363.0,16463.0,3834.0,0.0
976,3730.0,8931.0,3968.0,0.0
977,7508.0,45.0,4503.0,1.0
978,2447.0,11584.0,2932.0,0.0
979,1450.0,9616.0,4763.0,0.0
980,162.0,8131.0,6605.0,0.0
981,5351.0,18567.0,5651.0,0.0
982,5819.0,9084.0,6837.0,0.0
983,4954.0,7330.0,6906.0,0.0
984,3706.0,7675.0,3916.0,0.0
985,5720.0,15963.0,6014.0,0.0
986,4626.0,9267.0,4538.0,0.0
987,-348.0,3060.0,4908.0,1.0
988,-349.0,7969.0,4663.0,1.0
989,2354.0,7621.0,6221.0,0.0
990,1542.0,8082.0,3380.0,0.0
991,2045.0,10289.0,5091.0,0.0
992,4556.0,1742.0,3991.0,1.0
993,3677.0,7170.0,4397.0,0.0
994,686.0,5416.0,5360.0,0.0
995,6096.0,16912.0,5962.0,0.0
996,5756.0,7114.0,6634.0,0.0
997,6194.0,2160.0,5405.0,1.0
998,3008.0,-882.0,5157.0,1.0
999,2524.0,9250.0,4723.0,0.0
